{"cameraMode":{"drawMode":0,"name":"Shaded","section":"Shading Mode"},"sceneLighting":true,"audioPlay":false,"sceneViewState":{"m_AlwaysRefresh":false,"showFog":true,"showSkybox":true,"showFlares":true,"showImageEffects":true,"showParticleSystems":true,"showVisualEffectGraphs":true,"m_FxEnabled":true},"in2DMode":false,"pivot":{"x":171.5415802001953,"y":80.01832580566406,"z":-78.34175872802735},"rotation":{"x":0.028987795114517213,"y":0.023783676326274873,"z":-0.0006894667167216539,"w":0.9992982149124146},"size":275.9652099609375,"orthographic":true}